"PRINCIPAL PARTS","GLOSS","CHAPTER"
"agricola agricolae m.","farmer","1"
"amō amāre amāvī amātus","to love","1"
"aqua aquae f.","water","1"
"dēbeō dēbēre dēbuī dēbitus","to owe; ought","1"
"doceō docēre docuī doctus","to teach","1"
"fāma fāmae f.","rumor, fame","1"
"fēmina fēminae f.","woman, wife","1"
"fortūna fortūnae f.","fortune, chance","1"
"habeō habēre habuī habitus","to have, hold","1"
"iaceō iacēre iacuī","to lie","1"
"iuvō iuvāre iūvī iūtus","to help; please","1"
"labōrō labōrāre labōrāvī labōrātum","to work","1"
"laudō laudāre laudāvī laudātus","to praise","1"
"nauta nautae m.","sailor","1"
"–ne","(added to the first word of a question)","1"
"optō optāre optāvī optātus","to desire; choose","1"
"rosa rosae f.","rose","1"
"superō superāre superāvī superātus","to overcome","1"
"taceō tacēre tacuī tacitus","to be silent","1"
"timeō timēre timuī","to fear","1"
"videō vidēre vīdī vīsus","to see","1"
"vocō vocāre vocāvī vocātus","to call","1"
"ager agrī m.","field","2"
"amīcus amīcī m.","male friend","2"
"animus animī m.","spirit, mind","2"
"audeō audēre ausus sum","to dare","2"
"bellum (duellum) bellī n.","war","2"
"clāmō clāmāre clāmāvī clāmātus","to call, shout","2"
"cōnsilium cōnsiliī n.","plan; council","2"
"dominus dominī m.","master","2"
"dōnum dōnī n.","gift","2"
"dubitō dubitāre dubitāvī dubitātus","to hesitate, doubt","2"
"et","and","2"
"et… et…","both...and…","2"
"littera litterae f.","letter (of the alphabet)","2"
"locus locī m. or loca locōrum n. pl.","place, region","2"
"nātūra nātūrae f.","nature","2"
"orō orāre orāvī orātus","to pray, plead","2"
"puella puellae f.","girl","2"
"puer puerī m.","boy, slave","2"
"–que","and","2"
"rēgnum rēgnī n.","royal power, kingdom","2"
"sed","but","2"
"terreō terrēre terruī territus","to terrify","2"
"vir virī m.","man","2"
"aedificō aedificāre aedificāvī aedificātus","to build, erect, establish","3"
"arma armōrum n.","arms, weapons","3"
"caelum caelī n.","sky, heaven","3"
"deus deī m.","god","3"
"dō dare dedī datus","to give","3"
"fābula fābulae f.","story","3"
"imperium imperiī n.","command, power","3"
"liber librī m.","book","3"
"mōnstrō mōnstrāre mōnstrāvī mōnstrātus","to show, point out","3"
"narrō –āre –āvī –ātum","to tell, report, recount","3"
"nēmō nēminis m. or f.","no one","3"
"nihil or nīl or nihilo n.","nothing","3"
"noceō nocēre nocuī nocitus","to harm","3"
"pāreō pārēre pāruī pāritus","to obey, appear, be present","3"
"placeō placēre placuī placitum","to please","3"
"portō portāre portāvī portātus","to carry a load","3"
"pugnō pugnāre pugnāvī pugnātum","to fight","3"
"soleō solēre solitus sum","to be accustomed","3"
"templum templī n.","temple","3"
"turba turbae f.","crowd, uproar","3"
"ventus ventī m.","wind","3"
"ā ab abs","from, by","4"
"ad","to, up to, towards","4"
"ambulō ambulāre ambulāvī ambulātum","to walk","4"
"casa casae f.","cottage, house","4"
"errō errāre errāvī errātus","to wander, err","4"
"ē ex","out of, from","4"
"festīnō festīnāre festīnāvī festīnātus","to hurry","4"
"in","in, on","4"
"moveō movēre mōvī mōtus","to move","4"
"nāvigō nāvigāre nāvigāvī nāvigātus","to sail, navigate","4"
"nōn","not","4"
"nunc","now","4"
"oculus oculī m.","eye","4"
"pontus pontī m.","the open sea","4"
"prō","on behalf of, for, instead of, in accordance with (+ abl.)","4"
"saepe","often","4"
"tandem","finally","4"
"trāns","across","4"
"tum or tunc","then, at that time","4"
"via viae f.","street","4"
"aeger aegra aegrum","sick","5"
"altus –a –um","tall, high; deep","5"
"bonus –a –um","good","5"
"cum","with (prep. +abl.)","5"
"cūra cūrae f.","care, concern","5"
"dīvīnus –a –um","divine","5"
"iactō iactāre iactāvī iactātus","to throw","5"
"līber lībera līberum","free","5"
"māgnus –a –um","great","5"
"malus –a –um","bad, evil","5"
"meus –a –um","my, mine","5"
"multus –a –um","much, many","5"
"noster nostra nostrum","our, ours","5"
"parvus –a –um / minor –us / minimus –a –um","small","5"
"pulcher pulchra pulchrum","beautiful","5"
"sapientia sapientiae f.","wisdom","5"
"saxum saxī n.","rock, boulder, stone","5"
"silva silvae f.","forest","5"
"sub","under","5"
"sum esse fuī futūrus","to be","5"
"terra terrae f.","land","5"
"tuus –a –um","your","5"
"vester vestra vestrum","your","5"
"cēna cēnae f.","dinner","6"
"dē","down from, about, concerning","6"
"diū","for a long time","6"
"enim","in fact, for","6"
"exemplum exemplī n.","sample, example","6"
"fīlia fīliae f.","daughter","6"
"fīlius fīliī m.","son","6"
"intrō intrāre intrāvī intrātus","to enter","6"
"Italia Italiae f.","Italy","6"
"laetus –a –um","happy","6"
"maneō manēre mānsī mānsus","to remain","6"
"novus –a –um","new","6"
"nūntiō nuntiāre nuntiāvī nuntiātus","to announce","6"
"parō parāre parāvī parātus","to prepare","6"
"pecūnia pecūniae f.","money","6"
"populus populī m.","people","6"
"propter","because of","6"
"rēgīna rēgīnae f.","queen","6"
"Rōmānus –a –um","Roman","6"
"semper","always","6"
"sine","without (+abl.)","6"
"vīta vītae f.","life","6"
"ars artis f.","skill, talent","7"
"caput capitis n.","head","7"
"cīvitās cīvitātis f.","citizenship; the state (late)","7"
"cōnsul cōnsulis m.","consul","7"
"corpus corporis n.","body","7"
"dux ducis m. or f.","leader, general","7"
"frāter frātris m.","brother","7"
"homō hominis m.","human being, man","7"
"īra īrae f.","anger","7"
"māter mātris f.","mother","7"
"mēns mentis f.","mind","7"
"miser misera miserum","wretched, pitiable","7"
"mors mortis f.","death","7"
"nūmen nūminis n.","divine will","7"
"pater patris m.","father; (in pl.) Patricians; Senators","7"
"rēx rēgis m.","king","7"
"teneō tenēre tenuī tentus","to hold","7"
"vēritās vēritātis f.","truth","7"
"virtūs virtūtis f.","manliness, courage","7"
"vōx vōcis f.","voice","7"
"urbs urbis f.","city","7"
"uxor uxōris f.","wife","7"
"clārus –a –um","clear, distinguished","8"
"doleō dolēre doluī dolitus","to feel pain/grief","8"
"īrātus –a –um","angry","8"
"lēx lēgis f.","law","8"
"lībertās lībertātis f.","freedom","8"
"lūna lūnae f.","moon","8"
"lūx lūcis f.","daylight","8"
"mōns montis m.","mountain","8"
"nōmen nōminis n.","name","8"
"opus operis n.","work; need","8"
"pars partis f.","part, portion","8"
"patria patriae f.","country","8"
"pāx pācis f.","peace; favor","8"
"perīculum perīculī n.","danger","8"
"plēnus –a –um","full","8"
"possum posse potuī","to be able","8"
"post","after (adv. and prep. +acc.)","8"
"ratiō ratiōnis f.","method","8"
"sacer sacra sacrum","holy","8"
"studeō studēre studuī","to be eager","8"
"subitō","suddenly","8"
"verbum verbī n.","word","8"
"agō agere ēgī āctus","to drive, do, act, concern oneself with","9"
"aut; aut…aut","or, either...or","9"
"capiō capere cēpī captus","to seize","9"
"carmen carminis n.","song, poem","9"
"dīcō dīcere dīxī dictus","to say, speak","9"
"discō discere didicī","to learn","9"
"dūcō dūcere dūxī ductus","to lead; consider","9"
"egō meī mihi mē mē","I, me","9"
"et(iam)","even, also","9"
"faciō facere fēcī factus","to do, make","9"
"inter","between, among; during","9"
"mittō mittere mīsī missus","to send; release, let go","9"
"nōs nostrum/nostrī","we; us","9"
"olim","formerly","9"
"poēta poētae m.","poet","9"
"quid agis?","how are you?","9"
"regō regere rēxī rēctus","to rule","9"
"scrībō scrībere scrīpsī scrīptus","to write","9"
"sedeō sedēre sēdī sessus","to sit","9"
"tū tuī tibi tē tē","you","9"
"valē/valēte","to greetings! farewell!","9"
"valeō valēre valuī valitus","to be strong, be worth","9"
"vincō vincere vīcī victus","to conquer","9"
"vōs vestrum/vestrī","you (plural)","9"
"alius alia aliud (archaic: alis alid)","other, another","10"
"alius..alius; alii…alii","one...another; some…others","10"
"cognōscō cognōscere cognōvī cognitus","to learn, understand, inquire","10"
"creō creāre creāvī creātus","to create, produce","10"
"etiam","also","10"
"factum factī n.","deed","10"
"fugiō fugere fūgī fugitus","to flee, escape","10"
"hīc","here","10"
"ille illa illud","that","10"
"incipiō incipere incēpī inceptus","to begin","10"
"is ea id","he, she, it; that","10"
"ita","in this way, so","10"
"iūdicō iūdicāre iūdicāvī iūdicātus","to judge, decide","10"
"iūs iūris n.","right, justice, law","10"
"legō legere lēgī lēctus","to choose, collect; read","10"
"nōn sōlum…sed/vērum etiam","not only...but also","10"
"nūllus –a –um","not any, no","10"
"persuādeō persuādēre persuāsī persuāsus","to persuade","10"
"sōlus –a –um","alone, only","10"
"tamen","nevertheless, however","10"
"tōtus –a –um","whole","10"
"ūllus –a –um","any","10"
"ūnus –a –um","1","10"
"ante","before, in front of (adv. and prep. +acc.)","11"
"cadō cadere cecidī cāsum","to fall","11"
"causa causae f.","cause, reason, lawsuit","11"
"causā","for the purpose of","11"
"coniūnx coniugis f.","spouse","11"
"crēdō crēdere crēdidī crēditus","to trust, believe","11"
"dexter dextra dextrum","right, on the right side","11"
"flūmen flūminis n.","river","11"
"grātia grātiae f.","favor, influence, gratitude","11"
"grātiās agere","give thanks (+dat.)","11"
"lacrima lacrimae f.","tear","11"
"laus laudis f.","praise, glory","11"
"mīles mīlitis m.","soldier","11"
"nam","for","11"
"nec","nor; and not","11"
"neque or nec","and not; neither … nor …","11"
"neque/nec…neque/nec","neither...nor","11"
"per","through","11"
"petō petere petiī/petīvī petītus","to seek, go towards","11"
"relinquō relinquere relīquī relictus","to abandon","11"
"secundus –a –um","following, second","11"
"timor timōris m.","fear","11"
"ācer ācris ācre","sharp, piercing","12"
"aetās aetātis f.","age","12"
"annus annī m.","year","12"
"bellum gerō","wage war","12"
"brevis breve","short, brief","12"
"celer celeris celere","swift","12"
"difficilis difficile","difficult","12"
"discēdō discēdere discessī discessum","to go away, depart","12"
"dolor dolōris m.","pain, grief","12"
"dulcis dulce","sweet","12"
"facilis facile","easy","12"
"fēlīx fēlīcis","fortunate","12"
"fortis forte","brave; strong","12"
"Gallia Galliae f.","Gaul","12"
"gēns gentis f.","family, clan","12"
"gerō gerere gessī gestus","to bear, manage","12"
"hōra hōrae f.","hour","12"
"ingēns ingentis","huge","12"
"omnis omne","every; all","12"
"pēs pedis m.","foot","12"
"potēns","powerful","12"
"sīc","so, in this way","12"
"tempus temporis n.","time","12"
"ter","3 times","12"
"audiō audīre audīvī audītus","to hear","13"
"cōpia cōpiae f.","abundance; troops","13"
"dīgnus –a –um","worthy","13"
"dormiō dormīre dormīvī dormītum","to sleep","13"
"fīniō fīnīre fīnīvī fīnītus","to finish, limit","13"
"fīnis fīnis m.","end, boundary","13"
"impediō impedīre impedīvī/impediī impedītus","to hinder","13"
"indīgnus –a –um","unworthy (of)","13"
"intellegō intellegere intellēxī intellēctus","to understand","13"
"iter itineris n.","journey","13"
"mōra mōrae f.","delay","13"
"mortālis –e","mortal","13"
"paucus –a –um","(pl.) a few; (sing.) small","13"
"prohibeō prohibēre prohibuī prohibitus","to prevent","13"
"reliquus –a –um","remaining","13"
"sapiēns –ntis","wise","13"
"sciō scīre scīvī/sciī scītus","to know","13"
"senex senis m.","old man","13"
"sentiō sentīre sēnsī sēnsus","to perceive","13"
"serviō servīre servīvī servītus","to serve","13"
"superī –ōrum m.","those above, i.e. the gods","13"
"superus –a –um","above","13"
"suus –a –um","his/her/its own","13"
"veniō venīre vēnī ventum","to come","13"
"absum abesse āfuī āfutūrus","to be away, be absent","14"
"adveniō advenīre advēnī adventus","to arrive","14"
"arbor (or arbos) arboris f.","tree","14"
"circā","around (adv. and prep. +acc.)","14"
"circum or circa","around","14"
"cūrō cūrāre cūrāvī cūrātus","to care for","14"
"dīmittō dīmittere dīmīsī dimīssus","to send away","14"
"genus generis n.","origin","14"
"honor or honos honōris m. ","honor; office","14"
"hostis hostis m.","(public) enemy","14"
"iam","now; already","14"
"inveniō invenīre invēnī inventus","to find, discover","14"
"lēgātus lēgātī m.","lieutenant, envoy","14"
"longus –a –um","long, far","14"
"mare maris n.","sea","14"
"medius –a –um","middle, in the middle, in half","14"
"moneō monēre monuī monitus","to warn, advise","14"
"nox noctis f.","night","14"
"rapiō rapere rapuī raptus","to seize, carry off","14"
"scelus sceleris n.","crime","14"
"stō stāre stetī statum","to stand","14"
"tantus –a –um","so much, so great","14"
"atque or ac","and, also","15"
"aureus (aurātus) –a –um","golden","15"
"aurum aurī n.","gold","15"
"cēdō cēdere cessī cessum","to yield","15"
"cīvis cīvis m. or f.","citizen","15"
"dūrus –a –um","hard, harsh","15"
"fessus –a –um","tired","15"
"forte","by chance","15"
"humus humī f.","ground","15"
"ignis ignis m.","fire","15"
"labor labōris m.","work","15"
"lītus lītoris n.","sea–shore","15"
"lūmen luminis n.","light","15"
"pectus pectoris n.","chest, breast; heart","15"
"pōnō pōnere posuī positus","to place","15"
"prōvincia prōvinciae f.","province","15"
"super","over (adv. and prep. +acc.)","15"
"surgō surgere surrēxī surrēctus","to rise","15"
"temptō temptāre temptāvī temptātus","to try","15"
"trīstis trīste","sad, gloomy","15"
"unda undae f.","wave","15"
"volvō volvere voluī volūtum","to roll, to ponder","15"
"ārdeō ārdēre ārsī ārsum","to burn, glow","16"
"cāsus cāsūs m.","fall, chance","16"
"cornū cornūs n.","horn","16"
"diēs diēī m. or f.","day","16"
"domus domī f.","house, home","16"
"faciēs facieī f.","appearance, face","16"
"fidēs fideī f.","trust, faith","16"
"fluctus fluctūs m.","flood","16"
"genū (genus) genūs n.","knee","16"
"igitur","therefore","16"
"impetus impetūs m.","attack","16"
"inde","from there, from then","16"
"manus manūs f.","hand; band of men","16"
"metus metūs m.","fear, dread, anxiety","16"
"mīle passus mīlia passuum pl.","mile; miles","16"
"passus passūs m.","pace, footstep","16"
"rēs reī f.","matter, business, affair, thing","16"
"rēs publica reī publicae f.","republic","16"
"rūs rūris n.","country","16"
"senātus senātūs m.","senate","16"
"spēs speī f.","hope","16"
"tam","so","16"
"vultus vultūs m.","expression","16"
"ā ab abs","from, by","17"
"aciēs acieī f.","edge; line of battle","17"
"alter altera alterum","other of two","17"
"āmittō āmittere āmīsī āmīssus","to send away, lose","17"
"castra castrōrum n. (rarely –ae f.)","camp","17"
"castra pōnere","pitch camp","17"
"cernō cernere crēvī crētus","to discern, separate","17"
"concurrō concurrere concucurrī concursus","to assemble","17"
"cōnstituō cōnstituere cōnstituī cōnstitūtus","to establish; decide","17"
"contrā","against, opposite (adv. and prep. +acc.)","17"
"currō currere cucurrī cursus","to run","17"
"epistula epistulae f.","letter","17"
"exercitus exercitūs m.","army","17"
"ferrum ferrī n.","iron","17"
"ferus –a –um","wild, fierce","17"
"incendō incendere incendī incensus","to set fire to, burn","17"
"īnstituō īnstituere īnstituī īnstitūtus","to undertake; equip, educate","17"
"iūdicium iūdici(ī) n.","decision; trial","17"
"multitūdō multitūdinis f.","multitude, number","17"
"proelium proeliī n.","battle","17"
"spectō spectāre spectāvī spectātus","to look at","17"
"trahō trahere trāxī tractus","to drag","17"
"videor vidērī vīsus sum","to seem; be seen","17"
"accipiō accipere accēpī acceptus","to receive","18"
"adventus adventūs m.","an arrival","18"
"amīcus –a –um","friendly (+dat.)","18"
"aptus –a –um","fitted to, appropriate, fitting","18"
"cārus –a –um","precious","18"
"clāmor clāmōris m.","outcry, shout","18"
"cōnficiō cōnficere cōnfēcī cōnfectus","to finish","18"
"cum","when; since; although","18"
"dum","while, until, provided that","18"
"fās n.","right (indeclinable)","18"
"fidēlis fidēle","faithful","18"
"gaudium gaudi(ī) n.","joy","18"
"inimīcus –a –um","unfriendly, hostile","18"
"pār paris","equal, like (+dat.)","18"
"postquam","after","18"
"quia","because","18"
"quod","because","18"
"sī","if","18"
"similis simile","similar","18"
"ubī","where, when","18"
"vulnus vulneris n.","wound","18"
"aestus aestūs m.","heat; wave, tide","19"
"auris auris f.","ear","19"
"auxilium auxilī n.","aid, help","19"
"Caesar Caesaris m.","Caesar (name)","19"
"careō carēre caruī caritus","to be without","19"
"efficiō efficere effēcī effectus (efficatus, rarely)","carry out, accomplish","19"
"equus equī m.","horse","19"
"frangō frangere frēgī frāctus","to break, shatter","19"
"Graecia Graeciae f.","Greece","19"
"Graecus (Grāius) –a –um","Greek, of Greece","19"
"levis –e","light, trivial","19"
"memoria memoriae f.","memory","19"
"nāvis nāvis f.","ship","19"
"nūbēs nūbis f.","cloud","19"
"propinquus –a –um","near, related","19"
"quī quae quod","who, which","19"
"Rōma Rōmae f.","Rome","19"
"soror sorōris f.","sister","19"
"Troia Troiae f.","Troy","19"
"Trōiānus –a –um","Trojan","19"
"vertō vertere vertī versus","to turn","19"
"aperiō aperīre aperuī apertus","to open","20"
"apertus –a –um","uncovered, open, public","20"
"arx arcis f.","summit, citadel","20"
"auctōritās auctōritātis f.","authority","20"
"autem","however; moreover","20"
"caedēs caedis f.","killing","20"
"caedō caedere cecīdī caesus","to kill, strike, cut","20"
"canō canere cecinī cantus","to sing","20"
"condō condere condidī conditus","to build, store up, place","20"
"cōnservō cōnservāre cōnservāvī cōnservātus","to keep, preserve","20"
"cupiō cupere cupiī/cupīvī cupītus","to desire","20"
"fātum –ī n. or fātus –ī m.","destiny, fate","20"
"intereā","meanwhile","20"
"ob","on account of","20"
"ōra –ae f.","shore, coast","20"
"procul","at a distance","20"
"saevus –a –um","savage","20"
"signum signī n.","mark, impression, sign","20"
"somnus somnī m.","sleep","20"
"vīs vis f.","force","20"
"vītō vītāre vītāvī vītātus","to avoid, shun","20"
"celeriter celerius celerrime","swiftly","21"
"cēterus –a –um; often pl. cēterī –ae –a","the other; the rest","21"
"cōgō cogere coēgī coāctus","to drive together; compel","21"
"dolus dolī m.","artifice, device, trick","21"
"fortiter fortius fortissime","bravely more bravely most bravely","21"
"iubeō iubēre iussī iussus","to order","21"
"mālō mālle māluī","to prefer","21"
"moenia moenium n. pl.","walls","21"
"mōs mōris m.","custom","21"
"necesse est","it is necessary","21"
"nōlō nōlle nōluī","to be unwilling (+ inf.)","21"
"nūntius nūnti(ī) m.","messenger; news","21"
"postulō postulāre postulāvī postulātus","to demand","21"
"prīnceps prīncipis m.","chief","21"
"quam","than; as, how","21"
"servus servī m.","enslaved person","21"
"sinō sinere sīvī situs","to allow","21"
"vetō (votō) vetāre vetuī vetitus","to forbid","21"
"vīvō vīvere vīxī vīctus","to live","21"
"volō velle voluī","to wish","21"
"āiō","to say, affirm, say yes","22"
"artus artūs m.","limb, leg","22"
"bene; melius (comp.); optimē (superl.)","well","22"
"cōgitō cōgitāre cōgitāvī cōgitātus","to think","22"
"gaudeō gaudēre gāvīsus sum","to be glad","22"
"hodiē","today","22"
"ibī","there; then","22"
"imprūdēns –entis","not seeing or knowing beforehand","22"
"inquam inquis inquit inquiunt","to say","22"
"līberī līberōrum m. pl.","children","22"
"modus modī m.","measure; manner","22"
"negō negāre negāvī negātus","to deny, refuse","22"
"nesciō nescīre nescīvī/nesciī nescītus","to not know","22"
"orbis orbis m.","circle, orb","22"
"orbis terrārum","world","22"
"ostendō ostendere ostendī","to show","22"
"prūdēns –entis","aware, acting deliberately; prudent","22"
"putō putāre putāvī putātus","to think","22"
"respondeō respondēre respondī respōnsus","to answer","22"
"spērō spērāre spērāvī spērātus","to hope","22"
"trādō trādere trādidī trāditus","to hand over; report","22"
"arbitror arbitrārī arbitrātus sum","to judge, consider, think","23"
"cibus cibī m.","food","23"
"cōnor cōnārī cōnātus sum","to try, attempt","23"
"crīmen crīminis n.","verdict, accusation","23"
"cūnctus –a –um","all","23"
"fīdō fīdere fīsus sum","to trust, believe","23"
"fruor fruī frūctus sum","to enjoy","23"
"fungor fungī fūnctus sum","to perform (+ acc. or abl.) ","23"
"īdem eadem idem","same","23"
"ingredior ingredī ingressus sum","to step in, enter","23"
"ipse ipsa ipsum","himself, herself, itself (intensive)","23"
"loquor loquī locūtus sum","to speak","23"
"moror morārī morātus sum","to delay","23"
"patior patī passus sum","to permit, endure","23"
"potior potirī potitus sum","to obtain","23"
"pōtus pōtūs m.","a drinking, a drink","23"
"proficīscor proficīscī profectus sum","to set forth","23"
"quīdam quaedam quiddam","a certain person/thing","23"
"sequor sequī secūtus sum","to follow, come next","23"
"vēscor vēscī","to eat, feed on","23"
"ūtor ūtī ūsus sum","to use","23"
"exitium existi(ī) n.","destruction, ruin","24"
"imperō imperāre imperāvī imperātus","to command, control","24"
"incolō incolere incoluī","to inhabit, dwell","24"
"ingenium –(i)ī n.","disposition, ability","24"
"interficiō interficere interfēcī interfectus","to kill","24"
"māximus –a –um","greatest; maxime: most, especially, very much","24"
"morior morī mortuus sum","to die","24"
"occīdō occīdere occīdī occīsum","to knock down, kill","24"
"ōs ōris n.","mouth, face","24"
"pateō patēre patuī","to be open","24"
"proximus –a –um","nearest","24"
"rogō rogāre rogāvī rogātus","to ask","24"
"socius –iī m.","ally, comrade","24"
"vulnerō vulnerāre vulnerāvī vulnerātus","to wound","24"
"abeō abīre abiī abitum","to go away","25"
"adeō adīre adīvī/adiī aditus","to go to","25"
"aequus –a –um","equal","25"
"afferō afferre attulī allātus","to bring to","25"
"auferō auferre abstulī ablātus","to take away; make cuts","25"
"commūnis commūnis commūne","common, general","25"
"cōnferō cōnferre cōntulī cōllātus","to collect, transfer, move","25"
"eō","there, in that place; for that reason","25"
"exeō exīre exīvī/exiī exitus","to go forth","25"
"ferō ferre tulī lātus","to bear, carry, report","25"
"ineō inīre iniī/inīvī initus","to enter","25"
"īnfēlīx īnfēlīcis","unfortunate, unhappy","25"
"īnferō īnferre intulī inlātus","to bring upon/against","25"
"offerō offerre obtulī oblātus","to offer, present","25"
"pereō perīre periī peritūs","to perish","25"
"redeō redīre rediī reditum","to go back","25"
"referō referre rettulī relātus","to bring back","25"
"sē cōnferre","proceed, go","25"
"subeō subīre subīvī/subiī subitus","to go under","25"
"tollō tollere sustulī sublātus","to raise; destroy","25"
"trānseō trānsīre trānsīvī/trānsiī trānsitus","to go across","25"
"quam","than; as, how","26"
"amor amōris m.","love","26"
"canis canis m. or f.","dog","26"
"culpa culpae f.","fault, blame","26"
"dēleō dēlēre dēlēvī dēlētus","to destroy","26"
"facile","easily","26"
"gravis grave","heavy","26"
"iūstus –a –um","just, fair","26"
"longē","far","26"
"modo","only, just now","26"
"numquam","never","26"
"prīmō (prīmīs)","at first","26"
"prīmum","first","26"
"resistō resistere restitī","to stand still, oppose","26"
"sanctus –a –um","consecrated","26"
"turpis turpe","ugly","26"
"uterque utraque utrumque","each of two","26"
"ūtilis ūtilis ūtile","useful","26"
"accidō accidere accidī –––","to fall; happen","27"
"an","or, whether, if","27"
"adsum adesse adfuī adfutūrus","to be present","27"
"at or ast","but","27"
"aura aurae f.","breeze","27"
"beātus –a –um","happy, blessed","27"
"dēnique","finally","27"
"dēspērō dēspērāre dēspērāvī dēspērātus","to despair","27"
"flōreō flōrēre flōruī","to bloom","27"
"frūctus fructūs m.","fruit, crops","27"
"glōria glōriae f.","renown, glory","27"
"hortor hortārī hortātus sum","to urge","27"
"mōtus mōtūs m.","motion, movement","27"
"nē","not; in order that…not; that…not; that","27"
"neglegō neglegere neglēxī neglēctus","to disregard, neglect","27"
"nē…quidem","not even","27"
"quidem","moreover","27"
"rēctus –a –um","straight, direct","27"
"tellūs tellūris f.","earth","27"
"temperō temperāre temperāvī temperātus","to moderate","27"
"vērō","certainly","27"
"utinam","introduces an Optative subjunctive","27"
"appropinquō appropinquāre appropinquavī","to approach, draw near","28"
"bibō bibere bibī","to drink","28"
"cīvīlis cīvīle","of a citizen","28"
"deinde or dein","then, next","28"
"dīrus –a –um","awful, ill-omened","28"
"gladius gladiī m. or gladium –iī n.","sword","28"
"iūdex iūdicis m.","judge; juror","28"
"iūdicium iūdici(ī) n.","decision; trial","28"
"lībere līberius līberrime","freely more freely most freely","28"
"nefās n.","divinely forbidden (indeclinable)","28"
"oppidum oppidī n.","town","28"
"poena poenae f.","punishment","28"
"poenās dare","to pay the penalty","28"
"sōl sōlis m.","sun","28"
"tālis tāle","such","28"
"tēlum tēlī n.","spear; missile weapon","28"
"tot","so many","28"
"totiēns","so often","28"
"tremō tremere tremuī","to tremble","28"
"vīnum vīnī n. or vīnus vīnī m.","wine","28"
"ut or utī","so that; as, when; that; how? In what manner?","28"
"appellō appellāre appellāvī appellātus","to call","29"
"apud","near, in the presence of","29"
"colō colere coluī cultus","to inhabit, cultivate","29"
"cūr","why","29"
"ēripiō ēripere ēripuī ēreptus","to tear away, snatch away","29"
"fiō fierī factus sum","to become","29"
"habitō habitāre habitāvī habitātus","to inhabit","29"
"iungō iungere iūnxī iūnctus","to join","29"
"lātus –a –um","broad, wide","29"
"līberō līberāre līberāvī līberātus","to free","29"
"mīror mīrārī mīrātus sum","to wonder, be astonished","29"
"num","whether","29"
"precor precārī precātus sum","to beg, pray","29"
"quaerō quaerere quaesiī/quaesīvī quaesītus","to seek","29"
"quis quid","who, what","29"
"quōmodō or separately quō modō","how","29"
"quot","how many , as many as (indeclinable)","29"
"quotiēns or quotiēs","how many times; whenever","29"
"requīrō requīrere requīsīvī requīsītus","to seek","29"
"statim","immediately","29"
"undique","from all sides","29"
"aliquis aliquid and aliquī aliqua aliquod","someone, something; some, any","30"
"amīcitia amīcitiae f.","friendship","30"
"certō or certē (certius)","without doubt, certainly","30"
"cōnspiciō cōnspicere cōnspexī cōnspectus","to catch sight of, behold","30"
"imperātor imperātōris m.","commander","30"
"metuō metuere metuī","to fear, dread","30"
"mox","soon; then","30"
"nisi or nī","if...not; unless","30"
"ops opis f.","resources","30"
"philosophia philosophiae f.","philosophy","30"
"quoque","also","30"
"simul","at the same time","30"
"sīn","but if","30"
"suscipiō suscipere suscēpī susceptus","to take up","30"
"vereor verērī veritus sum","to fear","30"
"victōria victōriae f.","victory","30"
"committō committere commīsī commīssus","to join, entrust","31"
"conveniō convenīre convēnī conventus","to assemble; agree","31"
"male","badly","31"
"pōns pontis m.","bridge","31"
"probō probāre probāvī probātus","to approve","31"
"tamquam","just as","31"
"voluptās voluptātis f.","pleasure","31"
"ante","before, in front of (adv. and prep. +acc.)","32"
"fās n.","right (indeclinable)","32"
"forsan or forsitan","perhaps","32"
"liceō licēre licuī","to be for sale","32"
"mīrābilis –e","wonderful, extraordinary","32"
"nefās n.","divinely forbidden (indeclinable)","32"
"oportet oportēre oportuit","it is proper/right","32"